Type,maximum_budget,maximum_budget_unit
0,3.00E+05,GgCO2e
1,831.8905434,GgCO2e
2,679.0943211,GgCO2e
3,594.207531,GgCO2e
4,509.3207408,GgCO2e
5,424.4339507,GgCO2e
6,339.5471606,GgCO2e
7,254.6603704,GgCO2e
8,169.7735803,GgCO2e
9,84.88679014,GgCO2e
10,8.49E-12,GgCO2e