Type,maximum_budget,maximum_budget_unit
0,1.00E+10,GgCO2e
1,2604477.639,GgCO2e
2,2083582.112,GgCO2e
3,1458507.478,GgCO2e
4,875104.4868,GgCO2e
5,437552.2434,GgCO2e
6,175020.8974,GgCO2e
7,52506.26921,GgCO2e
8,10501.25384,GgCO2e
9,1050.125384,GgCO2e
10,1.05E-11,GgCO2e