country_1,country_2,country_3,country_4,collaboration_emissions,technology_cost,technology_name
SG,,,,40.64780937851562,5.878287083416177e-08,RE_PV_Openfield_Lim_[SG]
SG,,,,40.64780937851562,0.0,RE_WIND_Onshore_Lim_[SG]
SG,,,,40.64780937851562,1.702189301564108,PP_CO2_[SG]
SG,,,,40.64780937851562,1.6518645899185296e-05,EL_to_HTH_[SG]
SG,,,,40.64780937851562,0.13902367018084202,FF_to_HTH_[SG]
SG,,,,40.64780937851562,0.0,EL_Demand_[SG]
SG,,,,40.64780937851562,0.0,HTH_Demand_[SG]
