Demand,Unit
206.9657096,GW
213.1600169,GW
219.5313043,GW
226.1301377,GW
232.9059513,GW
239.9598766,GW
247.1149335,GW
254.4975364,GW
262.1329682,GW
270.0465117,GW
278.1370354,GW
286.5056709,GW
295.0512865,GW
303.9508626,GW
313.0274189,GW
322.4579356,GW
332.1412812,GW
342.0774556,GW
352.3423075,GW
362.8852713,GW
373.8074783,GW
385.007797,GW
396.5367933,GW
408.4450329,GW
420.7072329,GW
433.3486762,GW
446.318797,GW
459.7440098,GW
473.4979001,GW
487.7321652,GW
502.3456737,GW
517.439557,GW
532.9126836,GW
548.8914679,GW
565.37591,GW
582.3660098,GW