Demand,Unit,,
109.9714912,GW,,
113.2829884,GW,,
116.6820912,GW,,
120.1775605,GW,,
123.7781566,GW,,
127.5014007,GW,,
131.30349,GW,,
135.2545091,GW,,
139.3194157,GW,,
143.4894491,GW,,
147.7996517,GW,,
152.2325024,GW,,
156.7967617,GW,,
161.4924296,GW,,
166.3545484,GW,,
171.3305547,GW,,
176.4817725,GW,,
181.7731595,GW,,
187.2309974,GW,,
192.8465256,GW,,
198.6197442,GW,,
204.594456,GW,,
210.7268581,GW,,
217.0519928,GW,,
223.5523391,GW,,
230.2629391,GW,,
237.1750324,GW,,
244.2973794,GW,,
251.6212197,GW,,
259.1728349,GW,,
266.9259432,GW,,
274.9331083,GW,,
283.19433,GW,,
291.6833267,GW,,
300.4439011,GW,,
309.4585323,GW,,