country_1,country_2,country_3,country_4,collaboration_emissions,technology_cost,technology_name
SG,,,,22.266666656211044,0.0,RE_PV_Rooftop_Lim_[SG]
SG,,,,22.266666656211044,7.144171018429069e-10,RE_PV_Openfield_Lim_[SG]
SG,,,,22.266666656211044,4.2958448886632844e-11,RE_WIND_Offshore_Lim_[SG]
SG,,,,22.266666656211044,0.021819102100003398,RE_WIND_Onshore_Lim_[SG]
SG,,,,22.266666656211044,2.414857850397246,PP_CO2_[SG]
SG,,,,22.266666656211044,1.3559640220220431e-06,BESS_[SG]
SG,,,,22.266666656211044,0.5674793796937282,EL_to_HTH_[SG]
SG,,,,22.266666656211044,0.0053307945162866625,EL_to_NH3_[SG]
SG,,,,22.266666656211044,0.009105067976364841,NH3_Storage_[SG]
SG,,,,22.266666656211044,7.58677260239079e-09,NH3_to_EL_[SG]
SG,,,,22.266666656211044,0.0011485285238304296,NH3_to_HTH_[SG]
SG,,,,22.266666656211044,0.0,EL_Demand_[SG]
SG,,,,22.266666656211044,0.0,HTH_Demand_[SG]
