country_1,country_2,country_3,country_4,collaboration_emissions,technology_cost,technology_name
SG,,,,22.26666443733486,3.897635355521602e-10,RE_PV_Rooftop_Lim_[SG]
SG,,,,22.26666443733486,1.8764048093592595e-08,RE_PV_Openfield_Lim_[SG]
SG,,,,22.26666443733486,1.150459067100817e-09,RE_WIND_Offshore_Lim_[SG]
SG,,,,22.26666443733486,0.02182057553661722,RE_WIND_Onshore_Lim_[SG]
SG,,,,22.26666443733486,2.41485704401327,PP_CO2_[SG]
SG,,,,22.26666443733486,2.572894312643667e-06,BESS_[SG]
SG,,,,22.26666443733486,0.5674789228079727,EL_to_HTH_[SG]
SG,,,,22.26666443733486,0.00533074195406219,EL_to_NH3_[SG]
SG,,,,22.26666443733486,0.009105149331899426,NH3_Storage_[SG]
SG,,,,22.26666443733486,1.5281732354812058e-08,NH3_to_EL_[SG]
SG,,,,22.26666443733486,0.0011484637562678508,NH3_to_HTH_[SG]
SG,,,,22.26666443733486,0.0,EL_Demand_[SG]
SG,,,,22.26666443733486,0.0,HTH_Demand_[SG]
SG,,,,20.05322046670687,1.884550943384997e-10,RE_PV_Rooftop_Lim_[SG]
SG,,,,20.05322046670687,5.9830092189113e-08,RE_PV_Openfield_Lim_[SG]
SG,,,,20.05322046670687,5.924594339651198e-10,RE_WIND_Offshore_Lim_[SG]
SG,,,,20.05322046670687,0.23951530118219125,RE_WIND_Onshore_Lim_[SG]
SG,,,,20.05322046670687,2.22699423741081,PP_CO2_[SG]
SG,,,,20.05322046670687,1.0149553294736143e-06,BESS_[SG]
SG,,,,20.05322046670687,0.5693448294587501,EL_to_HTH_[SG]
SG,,,,20.05322046670687,0.002270186822665472,EL_to_NH3_[SG]
SG,,,,20.05322046670687,0.01969514693695574,NH3_Storage_[SG]
SG,,,,20.05322046670687,6.305707743756035e-09,NH3_to_EL_[SG]
SG,,,,20.05322046670687,0.001801070121607756,NH3_to_HTH_[SG]
SG,,,,20.05322046670687,0.0,EL_Demand_[SG]
SG,,,,20.05322046670687,0.0,HTH_Demand_[SG]
SG,,,,17.825086939916048,2.6287303352226005e-10,RE_PV_Rooftop_Lim_[SG]
SG,,,,17.825086939916048,0.0025126599617947376,RE_PV_Openfield_Lim_[SG]
SG,,,,17.825086939916048,7.129187260053056e-10,RE_WIND_Offshore_Lim_[SG]
SG,,,,17.825086939916048,0.45845755813795,RE_WIND_Onshore_Lim_[SG]
SG,,,,17.825086939916048,2.0458120301659983,PP_CO2_[SG]
SG,,,,17.825086939916048,1.4351369216705803e-06,BESS_[SG]
SG,,,,17.825086939916048,0.5691214837493004,EL_to_HTH_[SG]
SG,,,,17.825086939916048,0.002468947078396314,EL_to_NH3_[SG]
SG,,,,17.825086939916048,0.024240966183940504,NH3_Storage_[SG]
SG,,,,17.825086939916048,8.617730920965846e-09,NH3_to_EL_[SG]
SG,,,,17.825086939916048,0.0022629730840273555,NH3_to_HTH_[SG]
SG,,,,17.825086939916048,0.0,EL_Demand_[SG]
SG,,,,17.825086939916048,0.0,HTH_Demand_[SG]
