country_1,country_2,country_3,country_4,collaboration_emissions,technology_cost,technology_name
SG,,,,22.266664437283758,3.89768997070261e-10,RE_PV_Rooftop_Lim_[SG]
SG,,,,22.266664437283758,1.8764474709282312e-08,RE_PV_Openfield_Lim_[SG]
SG,,,,22.266664437283758,1.150475541545679e-09,RE_WIND_Offshore_Lim_[SG]
SG,,,,22.266664437283758,0.021820575576133452,RE_WIND_Onshore_Lim_[SG]
SG,,,,22.266664437283758,2.4148570439930004,PP_CO2_[SG]
SG,,,,22.266664437283758,2.572928251709062e-06,BESS_[SG]
SG,,,,22.266664437283758,0.5674789227957203,EL_to_HTH_[SG]
SG,,,,22.266664437283758,0.005330741951772259,EL_to_NH3_[SG]
SG,,,,22.266664437283758,0.009105149333469422,NH3_Storage_[SG]
SG,,,,22.266664437283758,1.528194331991962e-08,NH3_to_EL_[SG]
SG,,,,22.266664437283758,0.0011484637547035312,NH3_to_HTH_[SG]
SG,,,,22.266664437283758,0.0,EL_Demand_[SG]
SG,,,,22.266664437283758,0.0,HTH_Demand_[SG]
SG,,,,20.05322046670692,1.88455093274011e-10,RE_PV_Rooftop_Lim_[SG]
SG,,,,20.05322046670692,5.983009177810487e-08,RE_PV_Openfield_Lim_[SG]
SG,,,,20.05322046670692,5.924594300302056e-10,RE_WIND_Offshore_Lim_[SG]
SG,,,,20.05322046670692,0.2395153011821878,RE_WIND_Onshore_Lim_[SG]
SG,,,,20.05322046670692,2.226994237410809,PP_CO2_[SG]
SG,,,,20.05322046670692,1.0149553220251285e-06,BESS_[SG]
SG,,,,20.05322046670692,0.569344829458751,EL_to_HTH_[SG]
SG,,,,20.05322046670692,0.002270186822663149,EL_to_NH3_[SG]
SG,,,,20.05322046670692,0.01969514693695971,NH3_Storage_[SG]
SG,,,,20.05322046670692,6.305707697720322e-09,NH3_to_EL_[SG]
SG,,,,20.05322046670692,0.0018010701216083487,NH3_to_HTH_[SG]
SG,,,,20.05322046670692,0.0,EL_Demand_[SG]
SG,,,,20.05322046670692,0.0,HTH_Demand_[SG]
SG,,,,17.825086939915913,2.628739656617645e-10,RE_PV_Rooftop_Lim_[SG]
SG,,,,17.825086939915913,0.002512659971463097,RE_PV_Openfield_Lim_[SG]
SG,,,,17.825086939915913,7.129212697154774e-10,RE_WIND_Offshore_Lim_[SG]
SG,,,,17.825086939915913,0.4584575581321778,RE_WIND_Onshore_Lim_[SG]
SG,,,,17.825086939915913,2.04581203016362,PP_CO2_[SG]
SG,,,,17.825086939915913,1.435142249776512e-06,BESS_[SG]
SG,,,,17.825086939915913,0.5691214837498076,EL_to_HTH_[SG]
SG,,,,17.825086939915913,0.002468947079464836,EL_to_NH3_[SG]
SG,,,,17.825086939915913,0.02424096618248631,NH3_Storage_[SG]
SG,,,,17.825086939915913,8.617762677841168e-09,NH3_to_EL_[SG]
SG,,,,17.825086939915913,0.0022629730836513855,NH3_to_HTH_[SG]
SG,,,,17.825086939915913,0.0,EL_Demand_[SG]
SG,,,,17.825086939915913,0.0,HTH_Demand_[SG]
