country_1,country_2,country_3,country_4,collaboration_emissions,technology_cost,technology_name
SG,,,,22.26666532490829,4.790126626290722e-10,RE_PV_Rooftop_Lim_[SG]
SG,,,,22.26666532490829,1.1940261660937847e-08,RE_PV_Openfield_Lim_[SG]
SG,,,,22.26666532490829,1.456160931363372e-09,RE_WIND_Offshore_Lim_[SG]
SG,,,,22.26666532490829,0.021821015219093496,RE_WIND_Onshore_Lim_[SG]
SG,,,,22.26666532490829,2.4148570268276113,PP_CO2_[SG]
SG,,,,22.26666532490829,3.134552301009694e-06,BESS_[SG]
SG,,,,22.26666532490829,0.5674787654038074,EL_to_HTH_[SG]
SG,,,,22.26666532490829,0.005330645009740357,EL_to_NH3_[SG]
SG,,,,22.26666532490829,0.009105068267737711,NH3_Storage_[SG]
SG,,,,22.26666532490829,1.8682787253081256e-08,NH3_to_EL_[SG]
SG,,,,22.26666532490829,0.0011484304512226666,NH3_to_HTH_[SG]
SG,,,,22.26666532490829,0.0,EL_Demand_[SG]
SG,,,,22.26666532490829,0.0,HTH_Demand_[SG]
