country_1,country_2,country_3,country_4,collaboration_emissions,technology_cost,technology_name
SG,,,,22.547318046927952,1.4014490954212795e-09,RE_PV_Rooftop_Lim_[SG]
SG,,,,22.547318046927952,7.0154029028109215e-09,RE_PV_Openfield_Lim_[SG]
SG,,,,22.547318046927952,3.6738726944795876e-09,RE_WIND_Offshore_Lim_[SG]
SG,,,,22.547318046927952,1.5890146385084651e-07,RE_WIND_Onshore_Lim_[SG]
SG,,,,22.547318046927952,2.436676719504473,PP_CO2_[SG]
SG,,,,22.547318046927952,9.108434469129444e-06,BESS_[SG]
SG,,,,22.547318046927952,0.5625489285833953,EL_to_HTH_[SG]
SG,,,,22.547318046927952,0.007890763370636444,EL_to_NH3_[SG]
SG,,,,22.547318046927952,0.00808616492260918,NH3_Storage_[SG]
SG,,,,22.547318046927952,7.696429978334854e-07,NH3_to_EL_[SG]
SG,,,,22.547318046927952,0.001461116447456973,NH3_to_HTH_[SG]
SG,,,,22.547318046927952,0.0,EL_Demand_[SG]
SG,,,,22.547318046927952,0.0,HTH_Demand_[SG]
